-- LostLink Dummy Seed Data (matches lost_found_db schema exactly)
SET FOREIGN_KEY_CHECKS = 0;
TRUNCATE TABLE items;
TRUNCATE TABLE users;
TRUNCATE TABLE communities;
SET FOREIGN_KEY_CHECKS = 1;

-- ============ COMMUNITIES ============
INSERT INTO communities (id, name, type, created_at) VALUES
(1, 'NMITD College', 'College', NOW()),
(2, 'Bhagya Residency', 'Apartment', NOW()),
(3, 'Mumbai Central Railway Station', 'Railway Station', NOW()),
(4, 'Phoenix Mall', 'Mall', NOW()),
(5, 'Dadar Market', 'Society', NOW());

-- ============ USERS ============
-- password is a placeholder hash (not a real bcrypt hash of any password) — replace before using real auth
INSERT INTO users (id, name, email, password, role, created_at) VALUES
(1, 'Priya Sharma', 'priya.sharma.admin@lostlink.com', '$2b$10$examplehashforseedingpurposesonly123456', 'admin', DATE_SUB(NOW(), INTERVAL 58 DAY)),
(2, 'Ananya Iyer', 'ananya.iyer@gmail.com', '$2b$10$examplehashforseedingpurposesonly123456', 'user', DATE_SUB(NOW(), INTERVAL 36 DAY)),
(3, 'Karan Verma', 'karan.verma@gmail.com', '$2b$10$examplehashforseedingpurposesonly123456', 'user', DATE_SUB(NOW(), INTERVAL 100 DAY)),
(4, 'Sneha Kulkarni', 'sneha.kulkarni@gmail.com', '$2b$10$examplehashforseedingpurposesonly123456', 'user', DATE_SUB(NOW(), INTERVAL 92 DAY)),
(5, 'Arjun Nair', 'arjun.nair@gmail.com', '$2b$10$examplehashforseedingpurposesonly123456', 'user', DATE_SUB(NOW(), INTERVAL 87 DAY)),
(6, 'Divya Reddy', 'divya.reddy@gmail.com', '$2b$10$examplehashforseedingpurposesonly123456', 'user', DATE_SUB(NOW(), INTERVAL 65 DAY)),
(7, 'Vikram Singh', 'vikram.singh@gmail.com', '$2b$10$examplehashforseedingpurposesonly123456', 'user', DATE_SUB(NOW(), INTERVAL 56 DAY)),
(8, 'Neha Joshi', 'neha.joshi@gmail.com', '$2b$10$examplehashforseedingpurposesonly123456', 'user', DATE_SUB(NOW(), INTERVAL 169 DAY)),
(9, 'Aditya Rao', 'aditya.rao@gmail.com', '$2b$10$examplehashforseedingpurposesonly123456', 'user', DATE_SUB(NOW(), INTERVAL 52 DAY)),
(10, 'Pooja Desai', 'pooja.desai@gmail.com', '$2b$10$examplehashforseedingpurposesonly123456', 'user', DATE_SUB(NOW(), INTERVAL 138 DAY)),
(11, 'Rahul Kapoor', 'rahul.kapoor@gmail.com', '$2b$10$examplehashforseedingpurposesonly123456', 'user', DATE_SUB(NOW(), INTERVAL 38 DAY)),
(12, 'Ishita Malhotra', 'ishita.malhotra@gmail.com', '$2b$10$examplehashforseedingpurposesonly123456', 'user', DATE_SUB(NOW(), INTERVAL 37 DAY)),
(13, 'Siddharth Bhatt', 'siddharth.bhatt@gmail.com', '$2b$10$examplehashforseedingpurposesonly123456', 'user', DATE_SUB(NOW(), INTERVAL 53 DAY)),
(14, 'Kavya Menon', 'kavya.menon@gmail.com', '$2b$10$examplehashforseedingpurposesonly123456', 'user', DATE_SUB(NOW(), INTERVAL 85 DAY)),
(15, 'Aryan Chopra', 'aryan.chopra@gmail.com', '$2b$10$examplehashforseedingpurposesonly123456', 'user', DATE_SUB(NOW(), INTERVAL 89 DAY)),
(16, 'Priya Sharma', 'priya.sharma@gmail.com', '$2b$10$examplehashforseedingpurposesonly123456', 'user', DATE_SUB(NOW(), INTERVAL 159 DAY));

-- ============ ITEMS ============
INSERT INTO items (id, title, description, category, location, type, image_url, contact_info, status, user_id, created_at, color, incident_date, tags, community_id, email, phone) VALUES
(1, 'Redmi Note 11', 'Lost my Redmi Note 11 somewhere close to the Canteen, last seen in the evening. Contains a few personal items inside.', 'Mobile Phone', 'Canteen', 'lost', '/uploads/redmi_note11_grey.jpg', 'Available after 6 PM', 'pending', 3, DATE_SUB(NOW(), INTERVAL 0 DAY), 'Grey', DATE_SUB(CURDATE(), INTERVAL 2 DAY), 'mobile-phone, grey, lost', 1, 'karan.verma@gmail.com', '9349957310'),
(2, 'Wallet with Cards', 'Lost my Wallet with Cards somewhere close to the Classroom, last seen around 6 PM. No visible damage, in good condition.', 'Wallet', 'Classroom', 'lost', '/uploads/wallet_brown.jpg', 'Call before visiting', 'pending', 15, DATE_SUB(NOW(), INTERVAL 39 DAY), 'Brown', DATE_SUB(CURDATE(), INTERVAL 40 DAY), 'wallet, brown, lost', 2, 'aryan.chopra@gmail.com', '9324956459'),
(3, 'HP Laptop', 'Lost my HP Laptop somewhere close to the Auditorium, last seen around 3 PM. Has a sticker on the back for identification.', 'Laptop', 'Auditorium', 'lost', '/uploads/hp_laptop_silver.jpg', 'Please WhatsApp instead of calling', 'pending', 3, DATE_SUB(NOW(), INTERVAL 36 DAY), 'Silver', DATE_SUB(CURDATE(), INTERVAL 38 DAY), 'laptop, silver, lost', 3, 'karan.verma@gmail.com', '9596348124'),
(4, 'Novel Paperback', 'Novel Paperback found near the Hostel around around 3 PM. It has a small scratch on the side.', 'Books', 'Hostel', 'lost', '/uploads/books_novel.jpg', 'Reachable on weekends only', 'pending', 8, DATE_SUB(NOW(), INTERVAL 42 DAY), 'White', DATE_SUB(CURDATE(), INTERVAL 43 DAY), 'books, white, lost', 4, 'neha.joshi@gmail.com', '9964411347'),
(5, 'Office ID Badge', 'Office ID Badge left behind at the Classroom, noticed missing around 3 PM. Was kept at the security desk temporarily.', 'ID Card', 'Classroom', 'lost', '/uploads/office_id_badge.jpg', 'Call before visiting', 'pending', 3, DATE_SUB(NOW(), INTERVAL 11 DAY), 'Blue', DATE_SUB(CURDATE(), INTERVAL 13 DAY), 'id-card, blue, lost', 5, 'karan.verma@gmail.com', '9524806516'),
(6, 'Bunch of House Keys', 'Bunch of House Keys left behind at the Main Gate, noticed missing late in the evening. Has the owner''s initials engraved.', 'Keys', 'Main Gate', 'lost', '/uploads/house_keys_bunch.jpg', 'Prefer call over message', 'pending', 9, DATE_SUB(NOW(), INTERVAL 8 DAY), 'Silver', DATE_SUB(CURDATE(), INTERVAL 8 DAY), 'keys, silver, lost', 1, 'aditya.rao@gmail.com', '9488690725'),
(7, 'Backpack', 'Backpack found near the Reception around in the afternoon. Has a sticker on the back for identification.', 'Backpack', 'Reception', 'lost', '/uploads/black_backpack.jpg', 'Call before visiting', 'recovered', 16, DATE_SUB(NOW(), INTERVAL 5 DAY), 'Black', DATE_SUB(CURDATE(), INTERVAL 5 DAY), 'backpack, black, lost', 2, 'priya.sharma@gmail.com', '9950488739'),
(8, 'Milton Bottle', 'Someone found a Milton Bottle at the Bus Stop in the evening and handed it to security. It has a small scratch on the side.', 'Water Bottle', 'Bus Stop', 'lost', '/uploads/milton_bottle_green.jpg', 'Call before visiting', 'recovered', 3, DATE_SUB(NOW(), INTERVAL 23 DAY), 'Green', DATE_SUB(CURDATE(), INTERVAL 24 DAY), 'water-bottle, green, lost', 3, 'karan.verma@gmail.com', '9830448745'),
(9, 'Wireless Earbuds', 'Wireless Earbuds left behind at the Hostel, noticed missing around noon. Was wrapped in a plastic cover when found.', 'Earbuds', 'Hostel', 'lost', '/uploads/earbuds_white.jpg', 'Prefer call over message', 'pending', 9, DATE_SUB(NOW(), INTERVAL 47 DAY), 'White', DATE_SUB(CURDATE(), INTERVAL 49 DAY), 'earbuds, white, lost', 4, 'aditya.rao@gmail.com', '9566825638'),
(10, 'Digital Sports Watch', 'Digital Sports Watch found near the Library around in the evening. Slightly worn from daily use.', 'Watch', 'Library', 'lost', '/uploads/watch_digital.jpg', 'Reachable on weekends only', 'recovered', 9, DATE_SUB(NOW(), INTERVAL 32 DAY), 'Black', DATE_SUB(CURDATE(), INTERVAL 32 DAY), 'watch, black, lost', 5, 'aditya.rao@gmail.com', '9264109919'),
(11, 'Folding Umbrella', 'Someone found a Folding Umbrella at the Reception around 9 AM and handed it to security. Contains a few personal items inside.', 'Umbrella', 'Reception', 'lost', '/uploads/umbrella_blue.jpg', 'Reachable on weekends only', 'pending', 1, DATE_SUB(NOW(), INTERVAL 37 DAY), 'Blue', DATE_SUB(CURDATE(), INTERVAL 38 DAY), 'umbrella, blue, lost', 1, 'priya.sharma.admin@lostlink.com', '9489747629'),
(12, 'Documents Folder', 'Documents Folder found near the Library around around noon. Was kept at the security desk temporarily.', 'Documents', 'Library', 'lost', '/uploads/documents_folder.jpg', 'Available after 6 PM', 'pending', 8, DATE_SUB(NOW(), INTERVAL 54 DAY), 'Brown', DATE_SUB(CURDATE(), INTERVAL 56 DAY), 'documents, brown, lost', 2, 'neha.joshi@gmail.com', '9976198296'),
(13, 'Laptop Charger', 'Lost my Laptop Charger somewhere close to the Main Gate, last seen in the evening. Has the owner''s initials engraved.', 'Charger', 'Main Gate', 'lost', '/uploads/charger_laptop.jpg', 'Available all day', 'pending', 16, DATE_SUB(NOW(), INTERVAL 58 DAY), 'Black', DATE_SUB(CURDATE(), INTERVAL 60 DAY), 'charger, black, lost', 3, 'priya.sharma@gmail.com', '9327416584'),
(14, 'Gold Chain', 'Gold Chain left behind at the Auditorium, noticed missing early morning. Was kept at the security desk temporarily.', 'Jewelry', 'Auditorium', 'lost', '/uploads/jewelry_gold_chain.jpg', 'Prefer call over message', 'recovered', 10, DATE_SUB(NOW(), INTERVAL 23 DAY), 'Gold', DATE_SUB(CURDATE(), INTERVAL 25 DAY), 'jewelry, gold, lost', 4, 'pooja.desai@gmail.com', '9229927269'),
(15, 'Bluetooth Speaker', 'Lost my Bluetooth Speaker somewhere close to the Parking Area, last seen around 3 PM. It has a small scratch on the side.', 'Electronics', 'Parking Area', 'lost', '/uploads/electronics_speaker.jpg', 'Call before visiting', 'recovered', 11, DATE_SUB(NOW(), INTERVAL 0 DAY), 'Black', DATE_SUB(CURDATE(), INTERVAL 1 DAY), 'electronics, black, lost', 5, 'rahul.kapoor@gmail.com', '9176228245'),
(16, 'Redmi Note 11', 'Redmi Note 11 left behind at the Library, noticed missing around noon. Slightly worn from daily use.', 'Mobile Phone', 'Library', 'lost', '/uploads/redmi_note11_grey.jpg', 'Call before visiting', 'recovered', 8, DATE_SUB(NOW(), INTERVAL 4 DAY), 'Grey', DATE_SUB(CURDATE(), INTERVAL 4 DAY), 'mobile-phone, grey, lost', 1, 'neha.joshi@gmail.com', '9399012686'),
(17, 'Wallet with Cards', 'Someone found a Wallet with Cards at the Canteen around 3 PM and handed it to security. Was kept at the security desk temporarily.', 'Wallet', 'Canteen', 'lost', '/uploads/wallet_brown.jpg', 'Please WhatsApp instead of calling', 'pending', 5, DATE_SUB(NOW(), INTERVAL 44 DAY), 'Brown', DATE_SUB(CURDATE(), INTERVAL 46 DAY), 'wallet, brown, lost', 2, 'arjun.nair@gmail.com', '9967043303'),
(18, 'Dell Laptop with Bag', 'Dell Laptop with Bag left behind at the Parking Area, noticed missing late in the evening. Has the owner''s initials engraved.', 'Laptop', 'Parking Area', 'lost', '/uploads/dell_laptop_bag.jpg', 'Call before visiting', 'pending', 4, DATE_SUB(NOW(), INTERVAL 41 DAY), 'Silver', DATE_SUB(CURDATE(), INTERVAL 42 DAY), 'laptop, silver, lost', 3, 'sneha.kulkarni@gmail.com', '9601463916'),
(19, 'Engineering Textbook Set', 'Engineering Textbook Set left behind at the Hostel, noticed missing around noon. Slightly worn from daily use.', 'Books', 'Hostel', 'lost', '/uploads/books_engineering.jpg', 'Prefer call over message', 'matched', 4, DATE_SUB(NOW(), INTERVAL 2 DAY), 'Multicolor', DATE_SUB(CURDATE(), INTERVAL 3 DAY), 'books, multicolor, lost', 4, 'sneha.kulkarni@gmail.com', '9305718272'),
(20, 'Office ID Badge', 'Someone found a Office ID Badge at the Main Gate around 3 PM and handed it to security. Contains a few personal items inside.', 'ID Card', 'Main Gate', 'lost', '/uploads/office_id_badge.jpg', 'Available all day', 'pending', 14, DATE_SUB(NOW(), INTERVAL 10 DAY), 'Blue', DATE_SUB(CURDATE(), INTERVAL 11 DAY), 'id-card, blue, lost', 5, 'kavya.menon@gmail.com', '9575808013'),
(21, 'Honda Car Keys', 'Lost my Honda Car Keys somewhere close to the Library, last seen late in the evening. Was kept at the security desk temporarily.', 'Keys', 'Library', 'found', '/uploads/car_keys_honda.jpg', 'Prefer call over message', 'pending', 1, DATE_SUB(NOW(), INTERVAL 5 DAY), 'Black', DATE_SUB(CURDATE(), INTERVAL 5 DAY), 'keys, black, found', 1, 'priya.sharma.admin@lostlink.com', '9616854671'),
(22, 'Backpack with Laptop Sleeve', 'Someone found a Backpack with Laptop Sleeve at the Library in the evening and handed it to security. Was kept at the security desk temporarily.', 'Backpack', 'Library', 'found', '/uploads/blue_backpack.jpg', 'Please WhatsApp instead of calling', 'pending', 6, DATE_SUB(NOW(), INTERVAL 24 DAY), 'Blue', DATE_SUB(CURDATE(), INTERVAL 24 DAY), 'backpack, blue, found', 2, 'divya.reddy@gmail.com', '9406284028'),
(23, 'Milton Bottle', 'Milton Bottle found near the Main Gate around around 9 AM. No visible damage, in good condition.', 'Water Bottle', 'Main Gate', 'found', '/uploads/milton_bottle_green.jpg', 'Available after 6 PM', 'pending', 7, DATE_SUB(NOW(), INTERVAL 18 DAY), 'Green', DATE_SUB(CURDATE(), INTERVAL 18 DAY), 'water-bottle, green, found', 3, 'vikram.singh@gmail.com', '9161380746'),
(24, 'Earbuds Case', 'Earbuds Case found near the Reception around in the afternoon. Contains a few personal items inside.', 'Earbuds', 'Reception', 'found', '/uploads/earbuds_black.jpg', 'Available after 6 PM', 'pending', 6, DATE_SUB(NOW(), INTERVAL 1 DAY), 'Black', DATE_SUB(CURDATE(), INTERVAL 3 DAY), 'earbuds, black, found', 4, 'divya.reddy@gmail.com', '9738914080'),
(25, 'Analog Watch', 'Lost my Analog Watch somewhere close to the Railway Platform, last seen around 9 AM. Contains a few personal items inside.', 'Watch', 'Railway Platform', 'found', '/uploads/watch_silver.jpg', 'Call before visiting', 'pending', 4, DATE_SUB(NOW(), INTERVAL 58 DAY), 'Silver', DATE_SUB(CURDATE(), INTERVAL 60 DAY), 'watch, silver, found', 5, 'sneha.kulkarni@gmail.com', '9550139320'),
(26, 'Umbrella', 'Umbrella left behind at the Classroom, noticed missing around 3 PM. Was wrapped in a plastic cover when found.', 'Umbrella', 'Classroom', 'found', '/uploads/umbrella_black.jpg', 'Prefer call over message', 'pending', 7, DATE_SUB(NOW(), INTERVAL 40 DAY), 'Black', DATE_SUB(CURDATE(), INTERVAL 42 DAY), 'umbrella, black, found', 1, 'vikram.singh@gmail.com', '9524971817'),
(27, 'Envelope with Certificates', 'Envelope with Certificates found near the Food Court around early morning. Contains a few personal items inside.', 'Documents', 'Food Court', 'found', '/uploads/documents_envelope.jpg', 'Available all day', 'matched', 11, DATE_SUB(NOW(), INTERVAL 59 DAY), 'White', DATE_SUB(CURDATE(), INTERVAL 59 DAY), 'documents, white, found', 2, 'rahul.kapoor@gmail.com', '9178663096'),
(28, 'Laptop Charger', 'Laptop Charger found near the Reception around around 3 PM. No visible damage, in good condition.', 'Charger', 'Reception', 'found', '/uploads/charger_laptop.jpg', 'Prefer call over message', 'matched', 9, DATE_SUB(NOW(), INTERVAL 7 DAY), 'Black', DATE_SUB(CURDATE(), INTERVAL 8 DAY), 'charger, black, found', 3, 'aditya.rao@gmail.com', '9406002884'),
(29, 'Silver Earrings', 'Silver Earrings found near the Reception around in the evening. Contains a few personal items inside.', 'Jewelry', 'Reception', 'found', '/uploads/jewelry_silver_earrings.jpg', 'Reachable on weekends only', 'pending', 10, DATE_SUB(NOW(), INTERVAL 37 DAY), 'Silver', DATE_SUB(CURDATE(), INTERVAL 39 DAY), 'jewelry, silver, found', 4, 'pooja.desai@gmail.com', '9244193987'),
(30, 'Bluetooth Speaker', 'Lost my Bluetooth Speaker somewhere close to the Parking Area, last seen around 6 PM. Slightly worn from daily use.', 'Electronics', 'Parking Area', 'found', '/uploads/electronics_speaker.jpg', 'Call before visiting', 'matched', 5, DATE_SUB(NOW(), INTERVAL 16 DAY), 'Black', DATE_SUB(CURDATE(), INTERVAL 17 DAY), 'electronics, black, found', 5, 'arjun.nair@gmail.com', '9838194420'),
(31, 'Samsung Galaxy S21', 'Samsung Galaxy S21 found near the Reception around late in the evening. Was wrapped in a plastic cover when found.', 'Mobile Phone', 'Reception', 'found', '/uploads/samsung_s21_black.jpg', 'Available after 6 PM', 'matched', 16, DATE_SUB(NOW(), INTERVAL 16 DAY), 'Black', DATE_SUB(CURDATE(), INTERVAL 16 DAY), 'mobile-phone, black, found', 1, 'priya.sharma@gmail.com', '9147337803'),
(32, 'Wallet with Cards', 'Lost my Wallet with Cards somewhere close to the Garden, last seen early morning. Has the owner''s initials engraved.', 'Wallet', 'Garden', 'found', '/uploads/wallet_brown.jpg', 'Available after 6 PM', 'pending', 5, DATE_SUB(NOW(), INTERVAL 39 DAY), 'Brown', DATE_SUB(CURDATE(), INTERVAL 40 DAY), 'wallet, brown, found', 2, 'arjun.nair@gmail.com', '9702269164'),
(33, 'Dell Laptop with Bag', 'Dell Laptop with Bag left behind at the Parking Area, noticed missing in the afternoon. Has the owner''s initials engraved.', 'Laptop', 'Parking Area', 'found', '/uploads/dell_laptop_bag.jpg', 'Available after 6 PM', 'matched', 5, DATE_SUB(NOW(), INTERVAL 34 DAY), 'Silver', DATE_SUB(CURDATE(), INTERVAL 34 DAY), 'laptop, silver, found', 3, 'arjun.nair@gmail.com', '9236843584'),
(34, 'Novel Paperback', 'Lost my Novel Paperback somewhere close to the Computer Lab, last seen around 3 PM. Contains a few personal items inside.', 'Books', 'Computer Lab', 'found', '/uploads/books_novel.jpg', 'Available all day', 'pending', 2, DATE_SUB(NOW(), INTERVAL 56 DAY), 'White', DATE_SUB(CURDATE(), INTERVAL 57 DAY), 'books, white, found', 4, 'ananya.iyer@gmail.com', '9479759538'),
(35, 'Office ID Badge', 'Lost my Office ID Badge somewhere close to the Bus Stop, last seen in the afternoon. Has the owner''s initials engraved.', 'ID Card', 'Bus Stop', 'found', '/uploads/office_id_badge.jpg', 'Prefer call over message', 'matched', 5, DATE_SUB(NOW(), INTERVAL 59 DAY), 'Blue', DATE_SUB(CURDATE(), INTERVAL 59 DAY), 'id-card, blue, found', 5, 'arjun.nair@gmail.com', '9126614158'),
(36, 'Bunch of House Keys', 'Lost my Bunch of House Keys somewhere close to the Garden, last seen in the evening. Has a sticker on the back for identification.', 'Keys', 'Garden', 'found', '/uploads/house_keys_bunch.jpg', 'Call before visiting', 'recovered', 14, DATE_SUB(NOW(), INTERVAL 49 DAY), 'Silver', DATE_SUB(CURDATE(), INTERVAL 51 DAY), 'keys, silver, found', 1, 'kavya.menon@gmail.com', '9945436943'),
(37, 'Backpack', 'Lost my Backpack somewhere close to the Railway Platform, last seen around 3 PM. Was kept at the security desk temporarily.', 'Backpack', 'Railway Platform', 'found', '/uploads/black_backpack.jpg', 'Reachable on weekends only', 'pending', 2, DATE_SUB(NOW(), INTERVAL 53 DAY), 'Black', DATE_SUB(CURDATE(), INTERVAL 54 DAY), 'backpack, black, found', 2, 'ananya.iyer@gmail.com', '9475442872'),
(38, 'Steel Water Bottle', 'Someone found a Steel Water Bottle at the Canteen around 6 PM and handed it to security. Was wrapped in a plastic cover when found.', 'Water Bottle', 'Canteen', 'found', '/uploads/water_bottle_steel.jpg', 'Reachable on weekends only', 'recovered', 1, DATE_SUB(NOW(), INTERVAL 42 DAY), 'Silver', DATE_SUB(CURDATE(), INTERVAL 42 DAY), 'water-bottle, silver, found', 3, 'priya.sharma.admin@lostlink.com', '9174539964'),
(39, 'Earbuds Case', 'Earbuds Case left behind at the Hostel, noticed missing around 9 AM. Contains a few personal items inside.', 'Earbuds', 'Hostel', 'found', '/uploads/earbuds_black.jpg', 'Prefer call over message', 'pending', 13, DATE_SUB(NOW(), INTERVAL 41 DAY), 'Black', DATE_SUB(CURDATE(), INTERVAL 43 DAY), 'earbuds, black, found', 4, 'siddharth.bhatt@gmail.com', '9380477683'),
(40, 'Digital Sports Watch', 'Digital Sports Watch left behind at the Library, noticed missing around 6 PM. Has the owner''s initials engraved.', 'Watch', 'Library', 'found', '/uploads/watch_digital.jpg', 'Available all day', 'recovered', 4, DATE_SUB(NOW(), INTERVAL 37 DAY), 'Black', DATE_SUB(CURDATE(), INTERVAL 38 DAY), 'watch, black, found', 5, 'sneha.kulkarni@gmail.com', '9750911797');

-- Reset AUTO_INCREMENT counters so future app-generated inserts don't collide with seeded IDs
ALTER TABLE communities AUTO_INCREMENT = 6;
ALTER TABLE users AUTO_INCREMENT = 17;
ALTER TABLE items AUTO_INCREMENT = 41;